Workbook

Sheet Summary
A1: Summary of Semester work
A3: CIS/Multimedia
A5: Internship Work Experience
A7: Name: Javier Silva | B7: 13 JAN to 3 MAR 2025 Weekly Report #: 1-8
A9: Schedule Days of Work | B9: Summary for week
A10: Week 1 | B10: ='Week 1'!C17 -> 40
A11: Week 2 | B11: ='Week 2'!$C$17 -> 40
A12: week 3 | B12: ='Week 3'!C17 -> 35
A13: Week 4 | B13: ='Week 4'!C17 -> 40
A14: Week 5 | B14: ='Week 2'!C20 -> 0
A15: Week 6 | B15: ='Week 6'!C17 -> 40
A16: Week 7 | B16: ='Week 7'!C17 -> 40
A17: Week 8 | B17: ='Week 8'!C17 -> 40
A18: Week 9 | B18: ='Week 9'!C17 -> 0
A19: Week 10 | B19: ='Week 10'!C17 -> 0
A20: Week 11 | B20: ='Week 11'!C17 -> 0
A21: Week 12 | B21: =Week12!C17 -> 0
A22: Week 13 | B22: ='Week 13'!C17 -> 0
A23: Week 14 | B23: ='Week 14'!C17 -> 0
A24: Week 15 | B24: ='Week 15'!C17 -> 0
A25: Total | B25: =SUM(B10:B24) -> 275

Sheet Week 1
A1: Hand in WEEKLY to Instructor
A3: CIS/Multimedia
A5: Internship Work Experience
A7: Name: | B7: Javier Silva | C7: 13 JAN 2025 Weekly Report #:1
A9: Schedule Days of Work | B9: Hours that are Assigned | C9: Hours that you worked
A10: Monday | B10: 0 | C10: 0
A11: Tuesday | B11: 0 | C11: 0
A12: Wednesday | B12: 10 | C12: 10
A13: Thursday | B13: 10 | C13: 10
A14: Friday | B14: 10 | C14: 10
A15: Saturday | B15: 10 | C15: 10
A16: Sunday | B16: 0 | C16: 0
A17: Total Hours Worked | B17: >>>>>>>>>>>>>>>>>>>>>>>>> | C17: =SUM(C10:C16) -> 40
A19: What did you learn this week on the job?
A20: Processed about 100+ alerts. Created incidences as necessary. Created work orders as necessary. Updated Cisco and Advantech devices configurations as necessary.

Sheet Week 2
A1: Hand in WEEKLY to Instructor
A3: CIS/Multimedia
A5: Internship Work Experience
A7: Name: | B7: Javier Silva | C7: 20 JAN 2025 Weekly Report #:2
A9: Schedule Days of Work | B9: Hours that are Assigned | C9: Hours that you worked
A10: Monday | B10: 0 | C10: 0
A11: Tuesday | B11: 0 | C11: 0
A12: Wednesday | B12: 10 | C12: 10
A13: Thursday | B13: 10 | C13: 10
A14: Friday | B14: 10 | C14: 10
A15: Saturday | B15: 10 | C15: 10
A16: Sunday | B16: 0 | C16: 0
A17: Total Hours Worked | B17: >>>>>>>>>>>>>>>>>>>>>>>>> | C17: =SUM(C10:C16) -> 40
A19: What did you learn this week on the job?
A20: Processed about 100+ alerts. Created incidences as necessary. Created work orders as necessary. Updated Cisco and Advantech devices configurations as necessary.

Sheet Week 3
A1: Hand in WEEKLY to Instructor
A3: CIS/Multimedia
A5: Internship Work Experience
A7: Name: | B7: Javier Silva | C7: 27 JAN 2025 Weekly Report #:3
A9: Schedule Days of Work | B9: Hours that are Assigned | C9: Hours that you worked
A10: Monday | B10: 0 | C10: 0
A11: Tuesday | B11: 0 | C11: 0
A12: Wednesday | B12: 10 | C12: 10
A13: Thursday | B13: 10 | C13: 10
A14: Friday | B14: 10 | C14: 5
A15: Saturday | B15: 10 | C15: 10
A16: Sunday | B16: 0 | C16: 0
A17: Total Hours Worked | B17: >>>>>>>>>>>>>>>>>>>>>>>>> | C17: =SUM(C10:C16) -> 35
A19: What did you learn this week on the job?
A20: Processed about 100+ alerts. Created incidences as necessary. Created work orders as necessary. Updated Cisco and Advantech devices configurations as necessary. Had a family emergency on Friday.

Sheet Week 4
A1: Hand in WEEKLY to Instructor
A3: CIS/Multimedia
A5: Internship Work Experience
A7: Name: | B7: Javier Silva | C7: 3 FEB 2025 Weekly Report #:4
A9: Schedule Days of Work | B9: Hours that are Assigned | C9: Hours that you worked
A10: Monday | B10: 0 | C10: 0
A11: Tuesday | B11: 0 | C11: 0
A12: Wednesday | B12: 10 | C12: 10
A13: Thursday | B13: 10 | C13: 10
A14: Friday | B14: 10 | C14: 10
A15: Saturday | B15: 10 | C15: 10
A16: Sunday | B16: 0 | C16: 0
A17: Total Hours Worked | B17: >>>>>>>>>>>>>>>>>>>>>>>>> | C17: =SUM(C10:C16) -> 40
A19: What did you learn this week on the job?
A20: Processed about 100+ alerts. Created incidences as necessary. Created work orders as necessary. Updated Cisco and Advantech devices configurations as necessary.

Sheet Week 5
A1: Hand in WEEKLY to Instructor
A3: CIS/Multimedia
A5: Internship Work Experience
A7: Name: | B7: Javier Silva | C7: 10 FEB 2025 Weekly Report #:5
A9: Schedule Days of Work | B9: Hours that are Assigned | C9: Hours that you worked
A10: Monday | B10: 0 | C10: 0
A11: Tuesday | B11: 0 | C11: 0
A12: Wednesday | B12: 10 | C12: 10
A13: Thursday | B13: 10 | C13: 10
A14: Friday | B14: 10 | C14: 10
A15: Saturday | B15: 10 | C15: 10
A16: Sunday | B16: 0 | C16: 0
A17: Total Hours Worked | B17: >>>>>>>>>>>>>>>>>>>>>>>>> | C17: =SUM(C10:C16) -> 40
A19: What did you learn this week on the job?
A20: Processed about 100+ alerts. Created incidences as necessary. Created work orders as necessary. Updated Cisco and Advantech devices configurations as necessary.

Sheet Week 6
A1: Hand in WEEKLY to Instructor
A3: CIS/Multimedia
A5: Internship Work Experience
A7: Name: | B7: Javier Silva | C7: 17 FEB 2025 Weekly Report #: 6
A9: Schedule Days of Work | B9: Hours that are Assigned | C9: Hours that you worked
A10: Monday | B10: 0 | C10: 0
A11: Tuesday | B11: 0 | C11: 0
A12: Wednesday | B12: 10 | C12: 10
A13: Thursday | B13: 10 | C13: 10
A14: Friday | B14: 10 | C14: 10
A15: Saturday | B15: 10 | C15: 10
A16: Sunday | B16: 0 | C16: 0
A17: Total Hours Worked | B17: >>>>>>>>>>>>>>>>>>>>>>>>> | C17: =SUM(C10:C16) -> 40
A19: What did you learn this week on the job?
A20: Processed about 100+ alerts. Created incidences as necessary. Created work orders as necessary. Updated Cisco and Advantech devices configurations as necessary.

Sheet Week 7
A1: Hand in WEEKLY to Instructor
A3: CIS/Multimedia
A5: Internship Work Experience
A7: Name: | B7: Javier Silva | C7: 24 FEB 2025 Weekly Report #:7
A9: Schedule Days of Work | B9: Hours that are Assigned | C9: Hours that you worked
A10: Monday | B10: 0 | C10: 0
A11: Tuesday | B11: 0 | C11: 0
A12: Wednesday | B12: 10 | C12: 10
A13: Thursday | B13: 10 | C13: 10
A14: Friday | B14: 10 | C14: 10
A15: Saturday | B15: 10 | C15: 10
A16: Sunday | B16: 0 | C16: 0
A17: Total Hours Worked | B17: >>>>>>>>>>>>>>>>>>>>>>>>> | C17: =SUM(C10:C16) -> 40
A19: What did you learn this week on the job?
A20: Processed about 100+ alerts. Created incidences as necessary. Created work orders as necessary. Updated Cisco and Advantech devices configurations as necessary.

Sheet Week 8
A1: Hand in WEEKLY to Instructor
A3: CIS/Multimedia
A5: Internship Work Experience
A7: Name: | B7: Javier Silva | C7: 3 MAR 2025 Weekly Report #: 8
A9: Schedule Days of Work | B9: Hours that are Assigned | C9: Hours that you worked
A10: Monday | B10: 0 | C10: 0
A11: Tuesday | B11: 0 | C11: 0
A12: Wednesday | B12: 10 | C12: 10
A13: Thursday | B13: 10 | C13: 10
A14: Friday | B14: 10 | C14: 10
A15: Saturday | B15: 10 | C15: 10
A16: Sunday | B16: 0 | C16: 0
A17: Total Hours Worked | B17: >>>>>>>>>>>>>>>>>>>>>>>>> | C17: =SUM(C10:C16) -> 40
A19: What did you learn this week on the job?
A20: Processed about 100+ alerts. Created incidences as necessary. Created work orders as necessary. Updated Cisco and Advantech devices configurations as necessary.

Sheet Week 9
A1: Hand in WEEKLY to Instructor
A3: CIS/Multimedia
A5: Internship Work Experience
A7: Name: | C7: (week of Semester) Weekly Report #:
A9: Schedule Days of Work | B9: Hours that are Assigned | C9: Hours that you worked
A10: Monday
A11: Tuesday
A12: Wednesday
A13: Thursday
A14: Friday
A15: Saturday
A16: Sunday
A17: Total Hours Worked | B17: >>>>>>>>>>>>>>>>>>>>>>>>> | C17: =SUM(C10:C16) -> 0
A19: What did you learn this week on the job?

Sheet Week 10
A1: Hand in WEEKLY to Instructor
A3: CIS/Multimedia
A5: Internship Work Experience
A7: Name: | C7: (week of Semester) Weekly Report #:
A9: Schedule Days of Work | B9: Hours that are Assigned | C9: Hours that you worked
A10: Monday
A11: Tuesday
A12: Wednesday
A13: Thursday
A14: Friday
A15: Saturday
A16: Sunday
A17: Total Hours Worked | B17: >>>>>>>>>>>>>>>>>>>>>>>>> | C17: =SUM(C10:C16) -> 0
A19: What did you learn this week on the job?

Sheet Week 11
A1: Hand in WEEKLY to Instructor
A3: CIS/Multimedia
A5: Internship Work Experience
A7: Name: | C7: (week of Semester) Weekly Report #:
A9: Schedule Days of Work | B9: Hours that are Assigned | C9: Hours that you worked
A10: Monday
A11: Tuesday
A12: Wednesday
A13: Thursday
A14: Friday
A15: Saturday
A16: Sunday
A17: Total Hours Worked | B17: >>>>>>>>>>>>>>>>>>>>>>>>> | C17: =SUM(C10:C16) -> 0
A19: What did you learn this week on the job?

Sheet Week12
A1: Hand in WEEKLY to Instructor
A3: CIS/Multimedia
A5: Internship Work Experience
A7: Name: | C7: (week of Semester) Weekly Report #:
A9: Schedule Days of Work | B9: Hours that are Assigned | C9: Hours that you worked
A10: Monday
A11: Tuesday
A12: Wednesday
A13: Thursday
A14: Friday
A15: Saturday
A16: Sunday
A17: Total Hours Worked | B17: >>>>>>>>>>>>>>>>>>>>>>>>> | C17: =SUM(C10:C16) -> 0
A19: What did you learn this week on the job?

Sheet Week 13
A1: Hand in WEEKLY to Instructor
A3: CIS/Multimedia
A5: Internship Work Experience
A7: Name: | C7: (week of Semester) Weekly Report #:
A9: Schedule Days of Work | B9: Hours that are Assigned | C9: Hours that you worked
A10: Monday
A11: Tuesday
A12: Wednesday
A13: Thursday
A14: Friday
A15: Saturday
A16: Sunday
A17: Total Hours Worked | B17: >>>>>>>>>>>>>>>>>>>>>>>>> | C17: =SUM(C10:C16) -> 0
A19: What did you learn this week on the job?

Sheet Week 14
A1: Hand in WEEKLY to Instructor
A3: CIS/Multimedia
A5: Internship Work Experience
A7: Name: | C7: (week of Semester) Weekly Report #:
A9: Schedule Days of Work | B9: Hours that are Assigned | C9: Hours that you worked
A10: Monday
A11: Tuesday
A12: Wednesday
A13: Thursday
A14: Friday
A15: Saturday
A16: Sunday
A17: Total Hours Worked | B17: >>>>>>>>>>>>>>>>>>>>>>>>> | C17: =SUM(C10:C16) -> 0
A19: What did you learn this week on the job?

Sheet Week 15
A1: Hand in WEEKLY to Instructor
A3: CIS/Multimedia
A5: Internship Work Experience
A7: Name: | C7: (week of Semester) Weekly Report #:
A9: Schedule Days of Work | B9: Hours that are Assigned | C9: Hours that you worked
A10: Monday
A11: Tuesday
A12: Wednesday
A13: Thursday
A14: Friday
A15: Saturday
A16: Sunday
A17: Total Hours Worked | B17: >>>>>>>>>>>>>>>>>>>>>>>>> | C17: =SUM(C10:C16) -> 0
A19: What did you learn this week on the job?
